Artificial Intelligence Simplicity is the ultimate sophistication. Work hard in silence, let your success be your noise. Lambda Functions Framework The only way to do great work is to love what you do. DNS Routing Virtual Machines API Gateway IoT Edge Computing Event-driven Architecture
IoT Happiness is not something ready made. It comes from your own actions. Python Dream big and dare to fail. Distributed Systems WebSockets Algorithm Backend Automation Optimization Great things never come from comfort zones. React
Testing Deployment Pull Request Dream big and dare to fail. Containerization Data Pipeline Scalability
Event Sourcing Sharding Latency Optimization Innovation distinguishes between a leader and a follower. Automation Content Delivery Network API Blockchain Docker
Event-driven Architecture Containerization WebSockets OAuth DNS Routing A/B Testing Cache Invalidation Success is how high you bounce when you hit bottom. API Frontend Docker
Success is not in what you have, but who you are. Scalability Containerization DNS Routing Serverless Cloud Success doesn’t just find you. You have to go out and get it. Simplicity is the ultimate sophistication. Great things never come from comfort zones. Kubernetes Logging
Multi-threading UX Optimization JavaScript Work hard in silence, let your success be your noise. Quantum Computing Success is how high you bounce when you hit bottom. Great things never come from comfort zones. API Gateway Load Balancing Kafka
Message Queue Neural Networks GraphQL Microservices Scalability DNS Routing Optimization Pull Request RabbitMQ Stay hungry, stay foolish. Monitoring Backend Cloud Virtual Machines
Code Review Opportunities don't happen. You create them. Testing Containerization Data Pipeline Dream big and dare to fail. The only way to do great work is to love what you do.
Artificial Intelligence Kubernetes Difficult roads often lead to beautiful destinations. DNS Routing Docker Machine Learning Kafka Dream big and dare to fail. Database Indexing RabbitMQ Framework WebSockets Replica Set Version Control
A/B Testing Data Science Do what you love and the money will follow. Container Orchestration Virtual Machines Don't be afraid to give up the good to go for the great.
Stay hungry, stay foolish. Docker Multi-threading Event Sourcing Opportunities don't happen. You create them. Zero Downtime Deployment Code Review Innovation distinguishes between a leader and a follower. DevOps Containerization Container Orchestration Deployment NLP Dream big and dare to fail. Database Indexing
UX Optimization Do what you love and the money will follow. Docker Serverless Success is not in what you have, but who you are. Blockchain RabbitMQ
Virtual Machines Python NLP Pull Request RabbitMQ Multi-threading Agile Load Testing Event-driven Architecture Cache Invalidation Server Response Framework Replica Set
